,created_at,user_name,screen_name,description,user_location,text,language,hashtags,media_url,source,coordinates,place,time_zone
0,2022-03-06 21:34:01+00:00,John Morgan,johnmorgan726,"I enjoy HAM radio, fishing, and maritime traffic watching. johnmorgan726@instagram.com","Virginia Beach, VA","With a particularly heavy load the #HopperDredger #Stuyvesant, IMO:7915838 heading out to the #dumpsight. https://t.co/H5z7Cfme1a",en,"['HopperDredger', 'Stuyvesant', 'dumpsight']",['https://pbs.twimg.com/media/FNMmkujWYAU0z-3.jpg'],Twitter for iPad,,"Place(_api=<tweepy.api.API object at 0x000002435AF63E50>, id='84229b03659050aa', url='https://api.twitter.com/1.1/geo/id/84229b03659050aa.json', place_type='city', name='Virginia Beach', full_name='Virginia Beach, VA', country_code='US', country='United States', contained_within=[], bounding_box=BoundingBox(_api=<tweepy.api.API object at 0x000002435AF63E50>, type='Polygon', coordinates=[[[-76.22808, 36.672684], [-75.9118121, 36.672684], [-75.9118121, 36.932399], [-76.22808, 36.932399]]]), attributes={})",
1,2022-03-05 18:20:00+00:00,John Morgan,johnmorgan726,"I enjoy HAM radio, fishing, and maritime traffic watching. johnmorgan726@instagram.com","Virginia Beach, VA",RT @Visita_Cortesia: Ferry Golden Bridge de proa con el pr√°ctico a bordo y listo para entrar al @portdebarcelona https://t.co/xhWJHXNHxr,es,,['https://pbs.twimg.com/media/FNGwJHdXsAY5TWU.jpg'],Twitter for iPhone,,,
2,2022-03-05 16:01:42+00:00,John Morgan,johnmorgan726,"I enjoy HAM radio, fishing, and maritime traffic watching. johnmorgan726@instagram.com","Virginia Beach, VA","The BREMEN, IMO:9450387 en route to New York, flying the flag of Liberia üá±üá∑. #Bremen #ContainerShip #ShipsInPics https://t.co/yQwMENAdSz",en,"['Bremen', 'ContainerShip', 'ShipsInPics']",['https://pbs.twimg.com/media/FNGQ69wX0AgbOvZ.jpg'],Twitter for iPad,,"Place(_api=<tweepy.api.API object at 0x000002435AF63E50>, id='84229b03659050aa', url='https://api.twitter.com/1.1/geo/id/84229b03659050aa.json', place_type='city', name='Virginia Beach', full_name='Virginia Beach, VA', country_code='US', country='United States', contained_within=[], bounding_box=BoundingBox(_api=<tweepy.api.API object at 0x000002435AF63E50>, type='Polygon', coordinates=[[[-76.22808, 36.672684], [-75.9118121, 36.672684], [-75.9118121, 36.932399], [-76.22808, 36.932399]]]), attributes={})",
3,2022-03-04 18:03:56+00:00,John Morgan,johnmorgan726,"I enjoy HAM radio, fishing, and maritime traffic watching. johnmorgan726@instagram.com","Virginia Beach, VA",The #RAM15 MMSI:366878290 offshore jackup work platform. #ShipsInPics https://t.co/4t1jte0Jql,en,"['RAM15', 'ShipsInPics']",['https://pbs.twimg.com/media/FNBjT7GX0AMkkjb.jpg'],Twitter for iPad,,"Place(_api=<tweepy.api.API object at 0x000002435AF63E50>, id='84229b03659050aa', url='https://api.twitter.com/1.1/geo/id/84229b03659050aa.json', place_type='city', name='Virginia Beach', full_name='Virginia Beach, VA', country_code='US', country='United States', contained_within=[], bounding_box=BoundingBox(_api=<tweepy.api.API object at 0x000002435AF63E50>, type='Polygon', coordinates=[[[-76.22808, 36.672684], [-75.9118121, 36.672684], [-75.9118121, 36.932399], [-76.22808, 36.932399]]]), attributes={})",
4,2022-03-03 19:13:38+00:00,John Morgan,johnmorgan726,"I enjoy HAM radio, fishing, and maritime traffic watching. johnmorgan726@instagram.com","Virginia Beach, VA","RT @NavyLookout: .@HMSPortland arriving in 
üá∫üá∏Norfolk, Virginia today.

via @johnmorgan726 / @WarshipCam https://t.co/1R299iJN8d",en,,['https://pbs.twimg.com/media/FM8i1GmX0AMvkR5.jpg'],Twitter for iPad,,,
5,2022-03-03 13:08:43+00:00,John Morgan,johnmorgan726,"I enjoy HAM radio, fishing, and maritime traffic watching. johnmorgan726@instagram.com","Virginia Beach, VA",RT @shipsphotos: Terminal @APMT_SpanishGW Juan Carlos I del @PuertoAlgeciras trabajando durante la noche. https://t.co/t4oGbhCCWZ,es,,['https://pbs.twimg.com/media/FM66nq5XoAMf22m.jpg'],Twitter for iPad,,,
6,2022-03-02 19:24:35+00:00,John Morgan,johnmorgan726,"I enjoy HAM radio, fishing, and maritime traffic watching. johnmorgan726@instagram.com","Virginia Beach, VA","RT @PilotHarbour: Lighthouse and Terminal, Odessa port. 
https://t.co/wFloPiwK58 https://t.co/JT7RdKuQKA",en,,['https://pbs.twimg.com/media/FM1LntBWYAAJO7Z.jpg'],Twitter for iPhone,,,
7,2022-03-02 01:08:22+00:00,John Morgan,johnmorgan726,"I enjoy HAM radio, fishing, and maritime traffic watching. johnmorgan726@instagram.com","Virginia Beach, VA",RT @BShipspotting: Container ship Lori passing under Key Bridge https://t.co/nQ6PVbcRc8,en,,['https://pbs.twimg.com/media/FMzdvKzXwAMsBHi.jpg'],Twitter for iPad,,,
8,2022-03-01 18:05:55+00:00,John Morgan,johnmorgan726,"I enjoy HAM radio, fishing, and maritime traffic watching. johnmorgan726@instagram.com","Virginia Beach, VA",RT @Visita_Cortesia: Buque de transporte de productos qu√≠micos Luca Ievoli entrando al puerto de Barcelona. https://t.co/VcQWloSOuP,es,,['https://pbs.twimg.com/media/FMyGO9NXEAE3nDU.jpg'],Twitter for iPad,,,
9,2022-02-28 23:48:20+00:00,John Morgan,johnmorgan726,"I enjoy HAM radio, fishing, and maritime traffic watching. johnmorgan726@instagram.com","Virginia Beach, VA",@BaltoChes https://t.co/t6GIAH82Cb,und,,['https://pbs.twimg.com/media/FMuLxmGXoAMSUtp.jpg'],Twitter for iPad,,"Place(_api=<tweepy.api.API object at 0x000002435AF63E50>, id='84229b03659050aa', url='https://api.twitter.com/1.1/geo/id/84229b03659050aa.json', place_type='city', name='Virginia Beach', full_name='Virginia Beach, VA', country_code='US', country='United States', contained_within=[], bounding_box=BoundingBox(_api=<tweepy.api.API object at 0x000002435AF63E50>, type='Polygon', coordinates=[[[-76.22808, 36.672684], [-75.9118121, 36.672684], [-75.9118121, 36.932399], [-76.22808, 36.932399]]]), attributes={})",
10,2022-02-28 23:43:46+00:00,John Morgan,johnmorgan726,"I enjoy HAM radio, fishing, and maritime traffic watching. johnmorgan726@instagram.com","Virginia Beach, VA",The #ChemLithium and the #HawaiianHighway Refer to previous Tweets for destinations and IMO numbers. Thank you:) https://t.co/UTGm6bwEVQ,en,"['ChemLithium', 'HawaiianHighway']",['https://pbs.twimg.com/media/FMuKu38XwAoYvKW.jpg'],Twitter for iPad,,"Place(_api=<tweepy.api.API object at 0x000002435AF63E50>, id='84229b03659050aa', url='https://api.twitter.com/1.1/geo/id/84229b03659050aa.json', place_type='city', name='Virginia Beach', full_name='Virginia Beach, VA', country_code='US', country='United States', contained_within=[], bounding_box=BoundingBox(_api=<tweepy.api.API object at 0x000002435AF63E50>, type='Polygon', coordinates=[[[-76.22808, 36.672684], [-75.9118121, 36.672684], [-75.9118121, 36.932399], [-76.22808, 36.932399]]]), attributes={})",
11,2022-02-28 21:25:07+00:00,John Morgan,johnmorgan726,"I enjoy HAM radio, fishing, and maritime traffic watching. johnmorgan726@instagram.com","Virginia Beach, VA","RT @Apez140: #Instantes
De una Arribada a #LaBah√≠aDeSantander...üßö‚Äç‚ôÇÔ∏èüòé
#ShipsInPics https://t.co/pLZI3u1v6u",es,"['Instantes', 'LaBah√≠aDeSantander', 'ShipsInPics']",['https://pbs.twimg.com/media/FMtpw48XoAEmRBv.jpg'],Twitter for iPad,,,
12,2022-02-28 20:12:17+00:00,John Morgan,johnmorgan726,"I enjoy HAM radio, fishing, and maritime traffic watching. johnmorgan726@instagram.com","Virginia Beach, VA",RT @shipsphotos: ¬°A por el pr√≥ximo barco! Lancha de pr√°cticos Algeciras Piloto de la @AlgecirasPilots https://t.co/Y2uFLL9dCJ,es,,['https://pbs.twimg.com/media/FMtZGrMWQAM5O0c.jpg'],Twitter for iPad,,,
13,2022-02-28 18:20:31+00:00,John Morgan,johnmorgan726,"I enjoy HAM radio, fishing, and maritime traffic watching. johnmorgan726@instagram.com","Virginia Beach, VA",RT @Visita_Cortesia: Buscando nuevos rincones en el @portdebarcelona con nuevas perspectivas. https://t.co/dwMWyt16Rc,es,,['https://pbs.twimg.com/media/FMs-ueiXsAgamAK.jpg'],Twitter for iPhone,,,
14,2022-02-28 17:05:08+00:00,John Morgan,johnmorgan726,"I enjoy HAM radio, fishing, and maritime traffic watching. johnmorgan726@instagram.com","Virginia Beach, VA","The MSC BILBAO, IMO:9301495 en route to New York, flying the flag of Madeira. #MSCBilbao #ContainerShip #ShipsInPics https://t.co/jn1lPjyTgY",en,"['MSCBilbao', 'ContainerShip', 'ShipsInPics']",['https://pbs.twimg.com/media/FMsvfYVXMAoIbNi.jpg'],Twitter for iPad,,"Place(_api=<tweepy.api.API object at 0x000002435AF63E50>, id='84229b03659050aa', url='https://api.twitter.com/1.1/geo/id/84229b03659050aa.json', place_type='city', name='Virginia Beach', full_name='Virginia Beach, VA', country_code='US', country='United States', contained_within=[], bounding_box=BoundingBox(_api=<tweepy.api.API object at 0x000002435AF63E50>, type='Polygon', coordinates=[[[-76.22808, 36.672684], [-75.9118121, 36.672684], [-75.9118121, 36.932399], [-76.22808, 36.932399]]]), attributes={})",
15,2022-02-27 20:14:55+00:00,John Morgan,johnmorgan726,"I enjoy HAM radio, fishing, and maritime traffic watching. johnmorgan726@instagram.com","Virginia Beach, VA","The IMOGEN, IMO:9884370 en route to Gijon, Spain, flying the flag of Singapore üá∏üá¨. #Imogen #BulkCarrier #ShipsInPics https://t.co/cEwuGvfve5",en,"['Imogen', 'BulkCarrier', 'ShipsInPics']",['https://pbs.twimg.com/media/FMoRVqmWYAsUnNu.jpg'],Twitter for iPad,,"Place(_api=<tweepy.api.API object at 0x000002435AF63E50>, id='84229b03659050aa', url='https://api.twitter.com/1.1/geo/id/84229b03659050aa.json', place_type='city', name='Virginia Beach', full_name='Virginia Beach, VA', country_code='US', country='United States', contained_within=[], bounding_box=BoundingBox(_api=<tweepy.api.API object at 0x000002435AF63E50>, type='Polygon', coordinates=[[[-76.22808, 36.672684], [-75.9118121, 36.672684], [-75.9118121, 36.932399], [-76.22808, 36.932399]]]), attributes={})",
16,2022-02-27 20:02:09+00:00,John Morgan,johnmorgan726,"I enjoy HAM radio, fishing, and maritime traffic watching. johnmorgan726@instagram.com","Virginia Beach, VA",https://t.co/iGjXCDZkkA,und,,['https://pbs.twimg.com/media/FMoOalMWQAQGyej.jpg'],Twitter for iPad,,"Place(_api=<tweepy.api.API object at 0x000002435AF63E50>, id='84229b03659050aa', url='https://api.twitter.com/1.1/geo/id/84229b03659050aa.json', place_type='city', name='Virginia Beach', full_name='Virginia Beach, VA', country_code='US', country='United States', contained_within=[], bounding_box=BoundingBox(_api=<tweepy.api.API object at 0x000002435AF63E50>, type='Polygon', coordinates=[[[-76.22808, 36.672684], [-75.9118121, 36.672684], [-75.9118121, 36.932399], [-76.22808, 36.932399]]]), attributes={})",
17,2022-02-27 19:39:12+00:00,John Morgan,johnmorgan726,"I enjoy HAM radio, fishing, and maritime traffic watching. johnmorgan726@instagram.com","Virginia Beach, VA","RT @Apez140: #Instantes
De Juegos de Velas y Viento en #LaBah√≠aDeSantander...üßö‚Äç‚ôÇÔ∏èüòé https://t.co/vFEsiKpmeb",es,"['Instantes', 'LaBah√≠aDeSantander']",['https://pbs.twimg.com/media/FMoIlHZX0AAQsv9.jpg'],Twitter for iPad,,,
18,2022-02-27 16:47:05+00:00,John Morgan,johnmorgan726,"I enjoy HAM radio, fishing, and maritime traffic watching. johnmorgan726@instagram.com","Virginia Beach, VA",The #HopperDredger #Stuyvesant IMO:7915838 üá∫üá∏ heading out to the #dumpsight. https://t.co/xILVgUFJuc,en,"['HopperDredger', 'Stuyvesant', 'dumpsight']",['https://pbs.twimg.com/media/FMnhxXbWQAsi_K6.jpg'],Twitter for iPad,,"Place(_api=<tweepy.api.API object at 0x000002435AF63E50>, id='84229b03659050aa', url='https://api.twitter.com/1.1/geo/id/84229b03659050aa.json', place_type='city', name='Virginia Beach', full_name='Virginia Beach, VA', country_code='US', country='United States', contained_within=[], bounding_box=BoundingBox(_api=<tweepy.api.API object at 0x000002435AF63E50>, type='Polygon', coordinates=[[[-76.22808, 36.672684], [-75.9118121, 36.672684], [-75.9118121, 36.932399], [-76.22808, 36.932399]]]), attributes={})",
19,2022-02-27 15:16:45+00:00,John Morgan,johnmorgan726,"I enjoy HAM radio, fishing, and maritime traffic watching. johnmorgan726@instagram.com","Virginia Beach, VA","RT @Apez140: #Instantes
De un #Remolcador en #LaBah√≠aDeSantander...üßö‚Äç‚ôÇÔ∏èüòé
#ShipsInPics https://t.co/AAHt2BS8Rq",es,"['Instantes', 'Remolcador', 'LaBah√≠aDeSantander', 'ShipsInPics']",['https://pbs.twimg.com/media/FMmlA4aXMAQh5r3.jpg'],Twitter for iPad,,,
20,2022-02-26 15:25:01+00:00,John Morgan,johnmorgan726,"I enjoy HAM radio, fishing, and maritime traffic watching. johnmorgan726@instagram.com","Virginia Beach, VA",RT @nycgov: Standing tall. Standing for peace. https://t.co/MArrG1OE5B,en,,['https://pbs.twimg.com/media/FMffoEnWQAAoR-g.jpg'],Twitter for iPad,,,
21,2022-02-25 16:25:30+00:00,John Morgan,johnmorgan726,"I enjoy HAM radio, fishing, and maritime traffic watching. johnmorgan726@instagram.com","Virginia Beach, VA","RT @juancal03202269: @johnmorgan726 
Iquique -chile 
Am√©rica del sur https://t.co/eT3Aw9Nirx",es,,['https://pbs.twimg.com/media/FMc4tDhXEAUmVdB.jpg'],Twitter for iPad,,,
22,2022-02-24 14:34:50+00:00,John Morgan,johnmorgan726,"I enjoy HAM radio, fishing, and maritime traffic watching. johnmorgan726@instagram.com","Virginia Beach, VA",RT @JASSNII: Fragata Numancia MMSI 224964000 @shipsphotos @BarcosporCadiz @johnmorgan726 https://t.co/yjmeRfLH3h,es,,['https://pbs.twimg.com/media/FMWpwZrWYAEys3q.jpg'],Twitter for iPad,,,
23,2022-02-22 18:36:07+00:00,John Morgan,johnmorgan726,"I enjoy HAM radio, fishing, and maritime traffic watching. johnmorgan726@instagram.com","Virginia Beach, VA",@WarshipCam My crappy view üòÇ. https://t.co/PPSiyRbbQ0,en,,['https://pbs.twimg.com/media/FMOKxddWQAA6rXt.jpg'],Twitter for iPad,,"Place(_api=<tweepy.api.API object at 0x000002435AF63E50>, id='84229b03659050aa', url='https://api.twitter.com/1.1/geo/id/84229b03659050aa.json', place_type='city', name='Virginia Beach', full_name='Virginia Beach, VA', country_code='US', country='United States', contained_within=[], bounding_box=BoundingBox(_api=<tweepy.api.API object at 0x000002435AF63E50>, type='Polygon', coordinates=[[[-76.22808, 36.672684], [-75.9118121, 36.672684], [-75.9118121, 36.932399], [-76.22808, 36.932399]]]), attributes={})",
24,2022-02-21 22:32:34+00:00,John Morgan,johnmorgan726,"I enjoy HAM radio, fishing, and maritime traffic watching. johnmorgan726@instagram.com","Virginia Beach, VA","RT @BShipspotting: Container ship Tomoko in, bulker Prigipos out. https://t.co/iNR58jOW14",en,,['https://pbs.twimg.com/media/FMJvGMYXIAMgQCP.jpg'],Twitter for iPad,,,
25,2022-02-21 17:25:42+00:00,John Morgan,johnmorgan726,"I enjoy HAM radio, fishing, and maritime traffic watching. johnmorgan726@instagram.com","Virginia Beach, VA",@WarshipCam Paul Lgnatius (DDG-117) https://t.co/bXTbP59clD,cy,,['https://pbs.twimg.com/media/FMIxEVoXsA0pi72.jpg'],Twitter for iPad,,"Place(_api=<tweepy.api.API object at 0x000002435AF63E50>, id='84229b03659050aa', url='https://api.twitter.com/1.1/geo/id/84229b03659050aa.json', place_type='city', name='Virginia Beach', full_name='Virginia Beach, VA', country_code='US', country='United States', contained_within=[], bounding_box=BoundingBox(_api=<tweepy.api.API object at 0x000002435AF63E50>, type='Polygon', coordinates=[[[-76.22808, 36.672684], [-75.9118121, 36.672684], [-75.9118121, 36.932399], [-76.22808, 36.932399]]]), attributes={})",
26,2022-02-19 23:26:53+00:00,John Morgan,johnmorgan726,"I enjoy HAM radio, fishing, and maritime traffic watching. johnmorgan726@instagram.com","Virginia Beach, VA","RT @Apez140: #Instantes
De #Estachas...üßö‚Äç‚ôÇÔ∏èüòé
#ShipsInPics https://t.co/wB99lewjfz",und,"['Instantes', 'Estachas', 'ShipsInPics']",['https://pbs.twimg.com/media/FL-qxNfXsAgWpY7.jpg'],Twitter for iPhone,,,
27,2022-02-19 23:26:30+00:00,John Morgan,johnmorgan726,"I enjoy HAM radio, fishing, and maritime traffic watching. johnmorgan726@instagram.com","Virginia Beach, VA",RT @Visita_Cortesia: Atraque del Ciudad de Granada mientras la lancha Deneb espera para recoger al pr√°ctico. https://t.co/cbvbe3oXny,es,,['https://pbs.twimg.com/media/FL_PKMhWQAA-P6n.jpg'],Twitter for iPhone,,,
28,2022-02-17 19:11:10+00:00,John Morgan,johnmorgan726,"I enjoy HAM radio, fishing, and maritime traffic watching. johnmorgan726@instagram.com","Virginia Beach, VA",RT @Visita_Cortesia: Ya no le debe quedar mucho al yate Alamshar para volver a la mar. https://t.co/M7umkrRVdR,es,,['https://pbs.twimg.com/media/FL0iTQdWYAMO2Tn.jpg'],Twitter for iPad,,,
29,2022-02-17 18:09:49+00:00,John Morgan,johnmorgan726,"I enjoy HAM radio, fishing, and maritime traffic watching. johnmorgan726@instagram.com","Virginia Beach, VA","RT @JASSNII: Corvette ""Aljubail"" under sea trials in C√°diz imo 4736530. @BarcosporCadiz  @shipsphotos @johnmorgan726 https://t.co/5Hy06R5ETC",es,,['https://pbs.twimg.com/media/FL0UWQtWYAEbZTm.jpg'],Twitter for iPad,,,
30,2022-02-17 17:11:14+00:00,John Morgan,johnmorgan726,"I enjoy HAM radio, fishing, and maritime traffic watching. johnmorgan726@instagram.com","Virginia Beach, VA","RT @shipsphotos: Diferentes formas de disfrutar del mar.

#Atardecer #Cadiz https://t.co/zj2YE3Nz1T",es,"['Atardecer', 'Cadiz']",['https://pbs.twimg.com/media/FL0G9vnWYAY_Bbk.jpg'],Twitter for iPad,,,
31,2022-02-16 23:20:37+00:00,John Morgan,johnmorgan726,"I enjoy HAM radio, fishing, and maritime traffic watching. johnmorgan726@instagram.com","Virginia Beach, VA","RT @WarshipCam: Los Angeles-class nuclear attack submarine leaving Norfolk, Virginia - February 16, 2022 https://t.co/sBScdSQcJi",en,,['https://pbs.twimg.com/media/FLwRc-eXMAQSUo8.jpg'],Twitter for iPad,,,
32,2022-02-16 23:14:09+00:00,John Morgan,johnmorgan726,"I enjoy HAM radio, fishing, and maritime traffic watching. johnmorgan726@instagram.com","Virginia Beach, VA",https://t.co/LIGtZFJUx9,und,,['https://pbs.twimg.com/media/FLwQ4LZX0AU5UHL.jpg'],Twitter for iPad,,"Place(_api=<tweepy.api.API object at 0x000002435AF63E50>, id='84229b03659050aa', url='https://api.twitter.com/1.1/geo/id/84229b03659050aa.json', place_type='city', name='Virginia Beach', full_name='Virginia Beach, VA', country_code='US', country='United States', contained_within=[], bounding_box=BoundingBox(_api=<tweepy.api.API object at 0x000002435AF63E50>, type='Polygon', coordinates=[[[-76.22808, 36.672684], [-75.9118121, 36.672684], [-75.9118121, 36.932399], [-76.22808, 36.932399]]]), attributes={})",
33,2022-02-15 22:46:04+00:00,John Morgan,johnmorgan726,"I enjoy HAM radio, fishing, and maritime traffic watching. johnmorgan726@instagram.com","Virginia Beach, VA",https://t.co/5HJq10N34B,und,,['https://pbs.twimg.com/media/FLrA2wyXIAQCPWP.jpg'],Twitter for iPad,,"Place(_api=<tweepy.api.API object at 0x000002435AF63E50>, id='84229b03659050aa', url='https://api.twitter.com/1.1/geo/id/84229b03659050aa.json', place_type='city', name='Virginia Beach', full_name='Virginia Beach, VA', country_code='US', country='United States', contained_within=[], bounding_box=BoundingBox(_api=<tweepy.api.API object at 0x000002435AF63E50>, type='Polygon', coordinates=[[[-76.22808, 36.672684], [-75.9118121, 36.672684], [-75.9118121, 36.932399], [-76.22808, 36.932399]]]), attributes={})",
34,2022-02-15 20:24:53+00:00,John Morgan,johnmorgan726,"I enjoy HAM radio, fishing, and maritime traffic watching. johnmorgan726@instagram.com","Virginia Beach, VA",RT @Visita_Cortesia: Corbeta Infanta Elena (P-76) en el puerto de Barcelona en junio de 2015. https://t.co/9QdibYQPxH,es,,['https://pbs.twimg.com/media/FLqerWjXMAAKuCN.jpg'],Twitter for iPad,,,
35,2022-02-14 20:13:21+00:00,John Morgan,johnmorgan726,"I enjoy HAM radio, fishing, and maritime traffic watching. johnmorgan726@instagram.com","Virginia Beach, VA",@WarshipCam Another view:) https://t.co/x3oi65L1DW,en,,['https://pbs.twimg.com/media/FLlUUEwXIAQfY5z.jpg'],Twitter for iPad,,"Place(_api=<tweepy.api.API object at 0x000002435AF63E50>, id='84229b03659050aa', url='https://api.twitter.com/1.1/geo/id/84229b03659050aa.json', place_type='city', name='Virginia Beach', full_name='Virginia Beach, VA', country_code='US', country='United States', contained_within=[], bounding_box=BoundingBox(_api=<tweepy.api.API object at 0x000002435AF63E50>, type='Polygon', coordinates=[[[-76.22808, 36.672684], [-75.9118121, 36.672684], [-75.9118121, 36.932399], [-76.22808, 36.932399]]]), attributes={})",
36,2022-02-13 19:33:36+00:00,John Morgan,johnmorgan726,"I enjoy HAM radio, fishing, and maritime traffic watching. johnmorgan726@instagram.com","Virginia Beach, VA",RT @Visita_Cortesia: El Esperanza de Greenpeace entrando al puerto de Barcelona un 23 de julio de 2018. https://t.co/LHUlYCIzia,es,,['https://pbs.twimg.com/media/FLf7us9XMAY-Q5N.jpg'],Twitter for iPad,,,
37,2022-02-12 20:34:31+00:00,John Morgan,johnmorgan726,"I enjoy HAM radio, fishing, and maritime traffic watching. johnmorgan726@instagram.com","Virginia Beach, VA",RT @Visita_Cortesia: Yate Monaco sobre la grada del Muelle Escar del Puerto de Barcelona. https://t.co/RIYVeB1vpt,es,,['https://pbs.twimg.com/media/FLbFMZrWQAEwP9p.jpg'],Twitter for iPad,,,
38,2022-02-12 14:50:40+00:00,John Morgan,johnmorgan726,"I enjoy HAM radio, fishing, and maritime traffic watching. johnmorgan726@instagram.com","Virginia Beach, VA","RT @Apez140: #Instantes
Desde una D√°rsena del Barrio Pesquero, la City...üßö‚Äç‚ôÇÔ∏èüòé #LaBah√≠aDeSantander 
#ShipsInPics https://t.co/Zy4cx53xIB",es,"['Instantes', 'LaBah√≠aDeSantander', 'ShipsInPics']",['https://pbs.twimg.com/media/FLZFDgXWQAELVs1.jpg'],Twitter for iPad,,,
39,2022-02-12 14:50:28+00:00,John Morgan,johnmorgan726,"I enjoy HAM radio, fishing, and maritime traffic watching. johnmorgan726@instagram.com","Virginia Beach, VA","RT @Apez140: #Instantes
En un Barrio Pesquero de la City, #LaBah√≠aDeSantander...üßö‚Äç‚ôÇÔ∏èüòé
#ShipsInPics https://t.co/ApudZgCrMg",es,"['Instantes', 'LaBah√≠aDeSantander', 'ShipsInPics']",['https://pbs.twimg.com/media/FLZITlGXIAQrYdR.jpg'],Twitter for iPad,,,
40,2022-02-11 21:40:17+00:00,John Morgan,johnmorgan726,"I enjoy HAM radio, fishing, and maritime traffic watching. johnmorgan726@instagram.com","Virginia Beach, VA",A #UnitedStatesAirForce #C40 https://t.co/QAKA4TXIJ6,und,"['UnitedStatesAirForce', 'C40']",['https://pbs.twimg.com/media/FLWLcRgWYAYMUNC.jpg'],Twitter for iPad,,"Place(_api=<tweepy.api.API object at 0x000002435AF63E50>, id='84229b03659050aa', url='https://api.twitter.com/1.1/geo/id/84229b03659050aa.json', place_type='city', name='Virginia Beach', full_name='Virginia Beach, VA', country_code='US', country='United States', contained_within=[], bounding_box=BoundingBox(_api=<tweepy.api.API object at 0x000002435AF63E50>, type='Polygon', coordinates=[[[-76.22808, 36.672684], [-75.9118121, 36.672684], [-75.9118121, 36.932399], [-76.22808, 36.932399]]]), attributes={})",
41,2022-02-11 20:13:19+00:00,John Morgan,johnmorgan726,"I enjoy HAM radio, fishing, and maritime traffic watching. johnmorgan726@instagram.com","Virginia Beach, VA",RT @martinejadaoun: A friend is someone who accepts you just the way you are. https://t.co/UjbnZsVuFk,en,,['https://pbs.twimg.com/media/FJ9pg2SXoAQD4F5.jpg'],Twitter for iPad,,,
42,2022-02-11 14:04:45+00:00,John Morgan,johnmorgan726,"I enjoy HAM radio, fishing, and maritime traffic watching. johnmorgan726@instagram.com","Virginia Beach, VA","RT @Apez140: #Instantes
Desde una D√°rsena del Barrio Pesquero, la City, en #LaBah√≠aDeSantander...üßö‚Äç‚ôÇÔ∏èüòé
#ShipsInPics https://t.co/aLsHWt7dkA",es,"['Instantes', 'LaBah√≠aDeSantander', 'ShipsInPics']",['https://pbs.twimg.com/media/FLUKdcRXEAASX5U.jpg'],Twitter for iPad,,,
43,2022-02-10 18:00:45+00:00,John Morgan,johnmorgan726,"I enjoy HAM radio, fishing, and maritime traffic watching. johnmorgan726@instagram.com","Virginia Beach, VA",The #HopperDredger #Stuyvesant IMO:7915838. https://t.co/5FS114EjGQ,en,"['HopperDredger', 'Stuyvesant']",['https://pbs.twimg.com/media/FLQPmsqXIAIOfg8.jpg'],Twitter for iPad,,"Place(_api=<tweepy.api.API object at 0x000002435AF63E50>, id='84229b03659050aa', url='https://api.twitter.com/1.1/geo/id/84229b03659050aa.json', place_type='city', name='Virginia Beach', full_name='Virginia Beach, VA', country_code='US', country='United States', contained_within=[], bounding_box=BoundingBox(_api=<tweepy.api.API object at 0x000002435AF63E50>, type='Polygon', coordinates=[[[-76.22808, 36.672684], [-75.9118121, 36.672684], [-75.9118121, 36.932399], [-76.22808, 36.932399]]]), attributes={})",
44,2022-02-09 19:20:25+00:00,John Morgan,johnmorgan726,"I enjoy HAM radio, fishing, and maritime traffic watching. johnmorgan726@instagram.com","Virginia Beach, VA","The #BulkCarrier BELTA, IMO:9762857 en route to Gibraltar, flying the flag of Norway üá≥üá¥. #UGLAND #Belta #ShipsInPics https://t.co/sb4Zu9woEE",en,"['BulkCarrier', 'UGLAND', 'Belta', 'ShipsInPics']",['https://pbs.twimg.com/media/FLLYP5QXIAoTHMC.jpg'],Twitter for iPad,,"Place(_api=<tweepy.api.API object at 0x000002435AF63E50>, id='84229b03659050aa', url='https://api.twitter.com/1.1/geo/id/84229b03659050aa.json', place_type='city', name='Virginia Beach', full_name='Virginia Beach, VA', country_code='US', country='United States', contained_within=[], bounding_box=BoundingBox(_api=<tweepy.api.API object at 0x000002435AF63E50>, type='Polygon', coordinates=[[[-76.22808, 36.672684], [-75.9118121, 36.672684], [-75.9118121, 36.932399], [-76.22808, 36.932399]]]), attributes={})",
45,2022-02-09 19:07:23+00:00,John Morgan,johnmorgan726,"I enjoy HAM radio, fishing, and maritime traffic watching. johnmorgan726@instagram.com","Virginia Beach, VA",https://t.co/hFK5I97URZ,und,,['https://pbs.twimg.com/media/FLLVQ5DXEAMwKJy.jpg'],Twitter for iPad,,"Place(_api=<tweepy.api.API object at 0x000002435AF63E50>, id='84229b03659050aa', url='https://api.twitter.com/1.1/geo/id/84229b03659050aa.json', place_type='city', name='Virginia Beach', full_name='Virginia Beach, VA', country_code='US', country='United States', contained_within=[], bounding_box=BoundingBox(_api=<tweepy.api.API object at 0x000002435AF63E50>, type='Polygon', coordinates=[[[-76.22808, 36.672684], [-75.9118121, 36.672684], [-75.9118121, 36.932399], [-76.22808, 36.932399]]]), attributes={})",
46,2022-02-09 19:07:11+00:00,John Morgan,johnmorgan726,"I enjoy HAM radio, fishing, and maritime traffic watching. johnmorgan726@instagram.com","Virginia Beach, VA",https://t.co/8ggHRaNPic,und,,['https://pbs.twimg.com/media/FLLVOJSX0BQAaTP.jpg'],Twitter for iPad,,"Place(_api=<tweepy.api.API object at 0x000002435AF63E50>, id='84229b03659050aa', url='https://api.twitter.com/1.1/geo/id/84229b03659050aa.json', place_type='city', name='Virginia Beach', full_name='Virginia Beach, VA', country_code='US', country='United States', contained_within=[], bounding_box=BoundingBox(_api=<tweepy.api.API object at 0x000002435AF63E50>, type='Polygon', coordinates=[[[-76.22808, 36.672684], [-75.9118121, 36.672684], [-75.9118121, 36.932399], [-76.22808, 36.932399]]]), attributes={})",
47,2022-02-09 16:48:23+00:00,John Morgan,johnmorgan726,"I enjoy HAM radio, fishing, and maritime traffic watching. johnmorgan726@instagram.com","Virginia Beach, VA",The USCGC TAHOMA (WMEC-908) Medium Endurance Cutter #UnitedStatesCoastGuard #USCGCTahoma #WMEC908 #ShipsInPics https://t.co/5UHNumpbrw,en,"['UnitedStatesCoastGuard', 'USCGCTahoma', 'WMEC908', 'ShipsInPics']",['https://pbs.twimg.com/media/FLK1c5yX0AsUUsd.jpg'],Twitter for iPad,,"Place(_api=<tweepy.api.API object at 0x000002435AF63E50>, id='84229b03659050aa', url='https://api.twitter.com/1.1/geo/id/84229b03659050aa.json', place_type='city', name='Virginia Beach', full_name='Virginia Beach, VA', country_code='US', country='United States', contained_within=[], bounding_box=BoundingBox(_api=<tweepy.api.API object at 0x000002435AF63E50>, type='Polygon', coordinates=[[[-76.22808, 36.672684], [-75.9118121, 36.672684], [-75.9118121, 36.932399], [-76.22808, 36.932399]]]), attributes={})",
48,2022-02-08 15:00:26+00:00,John Morgan,johnmorgan726,"I enjoy HAM radio, fishing, and maritime traffic watching. johnmorgan726@instagram.com","Virginia Beach, VA","RT @Miguel_Egea: #BuenosD√≠as Twitter
#Proa ü•∞
üìÖ 08/02/2022 https://t.co/CVTlTNvk3L",en,"['BuenosD√≠as', 'Proa']",['https://pbs.twimg.com/media/FLEGmKlWQAoPdF2.jpg'],Twitter for iPad,,,
49,2022-02-08 15:00:19+00:00,John Morgan,johnmorgan726,"I enjoy HAM radio, fishing, and maritime traffic watching. johnmorgan726@instagram.com","Virginia Beach, VA","RT @Apez140: #Instantes
De una luminosa ma√±ana en una #D√°rsena pesquera de #LaBah√≠aDeSantander...üßö‚Äç‚ôÇÔ∏èüòé
#ShipsInPics https://t.co/G33pABUkoU",es,"['Instantes', 'D√°rsena', 'LaBah√≠aDeSantander', 'ShipsInPics']",['https://pbs.twimg.com/media/FLEg5CKWYAA-lIb.jpg'],Twitter for iPad,,,
50,2022-02-07 22:24:42+00:00,John Morgan,johnmorgan726,"I enjoy HAM radio, fishing, and maritime traffic watching. johnmorgan726@instagram.com","Virginia Beach, VA",The #HopperDredger #Stuyvesant IMO:7915838. https://t.co/J76zeAbs5z,en,"['HopperDredger', 'Stuyvesant']",['https://pbs.twimg.com/media/FLBvPYPWUAEE6mo.jpg'],Twitter for iPad,,"Place(_api=<tweepy.api.API object at 0x000002435AF63E50>, id='84229b03659050aa', url='https://api.twitter.com/1.1/geo/id/84229b03659050aa.json', place_type='city', name='Virginia Beach', full_name='Virginia Beach, VA', country_code='US', country='United States', contained_within=[], bounding_box=BoundingBox(_api=<tweepy.api.API object at 0x000002435AF63E50>, type='Polygon', coordinates=[[[-76.22808, 36.672684], [-75.9118121, 36.672684], [-75.9118121, 36.932399], [-76.22808, 36.932399]]]), attributes={})",
51,2022-02-07 22:17:04+00:00,John Morgan,johnmorgan726,"I enjoy HAM radio, fishing, and maritime traffic watching. johnmorgan726@instagram.com","Virginia Beach, VA",@Visita_Cortesia @Miguel_Egea @shipsphotos @Apez140 @BarcosporCadiz @santadecay @TefCP @IsmaelPerez1 https://t.co/yvM0H48Rsp,und,,['https://pbs.twimg.com/media/FLBtgCEWQAYc3V6.jpg'],Twitter for iPad,,"Place(_api=<tweepy.api.API object at 0x000002435AF63E50>, id='84229b03659050aa', url='https://api.twitter.com/1.1/geo/id/84229b03659050aa.json', place_type='city', name='Virginia Beach', full_name='Virginia Beach, VA', country_code='US', country='United States', contained_within=[], bounding_box=BoundingBox(_api=<tweepy.api.API object at 0x000002435AF63E50>, type='Polygon', coordinates=[[[-76.22808, 36.672684], [-75.9118121, 36.672684], [-75.9118121, 36.932399], [-76.22808, 36.932399]]]), attributes={})",
52,2022-02-07 18:48:40+00:00,John Morgan,johnmorgan726,"I enjoy HAM radio, fishing, and maritime traffic watching. johnmorgan726@instagram.com","Virginia Beach, VA","RT @Visita_Cortesia: Llegada del MSC Ambra al @portdebarcelona de 399,9 metros de eslora enfilando la terminal BEST. https://t.co/nHgaNwIGQH",es,,['https://pbs.twimg.com/media/FLA0_sVWQAITa0y.jpg'],Twitter for iPad,,,
53,2022-02-06 18:43:46+00:00,John Morgan,johnmorgan726,"I enjoy HAM radio, fishing, and maritime traffic watching. johnmorgan726@instagram.com","Virginia Beach, VA",RT @Visita_Cortesia: Detalles del ferri Golden Bridge de @GNVtraghetti reci√©n llegado esta tarde al @portdebarcelona https://t.co/RrrpAQxqPs,es,,['https://pbs.twimg.com/media/FK7yzR4XoAk3avg.jpg'],Twitter for iPad,,,
54,2022-02-05 22:30:56+00:00,John Morgan,johnmorgan726,"I enjoy HAM radio, fishing, and maritime traffic watching. johnmorgan726@instagram.com","Virginia Beach, VA",RT @AirAssets: Raptor Belly side with extended range fuel tanks https://t.co/p6ad4jou4R,en,,['https://pbs.twimg.com/media/FK2bj44XIA0QwiB.jpg'],Twitter for iPad,,,
55,2022-02-05 21:32:43+00:00,John Morgan,johnmorgan726,"I enjoy HAM radio, fishing, and maritime traffic watching. johnmorgan726@instagram.com","Virginia Beach, VA",The #HopperDredger #Stuyvesant IMO:7915838 heading out to the #dumpsight. https://t.co/oCeEEWGkgt,en,"['HopperDredger', 'Stuyvesant', 'dumpsight']",['https://pbs.twimg.com/media/FK3QKx4XoAE4HKw.jpg'],Twitter for iPad,,"Place(_api=<tweepy.api.API object at 0x000002435AF63E50>, id='84229b03659050aa', url='https://api.twitter.com/1.1/geo/id/84229b03659050aa.json', place_type='city', name='Virginia Beach', full_name='Virginia Beach, VA', country_code='US', country='United States', contained_within=[], bounding_box=BoundingBox(_api=<tweepy.api.API object at 0x000002435AF63E50>, type='Polygon', coordinates=[[[-76.22808, 36.672684], [-75.9118121, 36.672684], [-75.9118121, 36.932399], [-76.22808, 36.932399]]]), attributes={})",
56,2022-02-05 16:27:56+00:00,John Morgan,johnmorgan726,"I enjoy HAM radio, fishing, and maritime traffic watching. johnmorgan726@instagram.com","Virginia Beach, VA","The JAG ALAIA, IMO:9551727 en route to Gibraltar, flying the flag of India üáÆüá≥. #JagAlaia #BulkCarrier #ShipsInPics https://t.co/yqzjU229Yy",en,"['JagAlaia', 'BulkCarrier', 'ShipsInPics']",['https://pbs.twimg.com/media/FK2KaO5X0AU_Ys3.jpg'],Twitter for iPad,,"Place(_api=<tweepy.api.API object at 0x000002435AF63E50>, id='84229b03659050aa', url='https://api.twitter.com/1.1/geo/id/84229b03659050aa.json', place_type='city', name='Virginia Beach', full_name='Virginia Beach, VA', country_code='US', country='United States', contained_within=[], bounding_box=BoundingBox(_api=<tweepy.api.API object at 0x000002435AF63E50>, type='Polygon', coordinates=[[[-76.22808, 36.672684], [-75.9118121, 36.672684], [-75.9118121, 36.932399], [-76.22808, 36.932399]]]), attributes={})",
57,2022-02-05 13:48:04+00:00,John Morgan,johnmorgan726,"I enjoy HAM radio, fishing, and maritime traffic watching. johnmorgan726@instagram.com","Virginia Beach, VA",RT @Visita_Cortesia: Tal d√≠a como hoy de 2021 el Eco Barcelona realiza su primera escala al @portdebarcelona https://t.co/tuwbiFG7vJ,es,,['https://pbs.twimg.com/media/FK04wgsWYAM_Ikh.jpg'],Twitter for iPad,,,
58,2022-02-04 14:50:22+00:00,John Morgan,johnmorgan726,"I enjoy HAM radio, fishing, and maritime traffic watching. johnmorgan726@instagram.com","Virginia Beach, VA",RT @JASSNII: @johnmorgan726 @shipsphotos @puertodecadiz #roro #CiudaddeValencia From C√°diz underway to Arrecife. https://t.co/MCoPwcTgW0,es,"['roro', 'CiudaddeValencia']",['https://pbs.twimg.com/media/FKwBHYDXMAET2Xp.jpg'],Twitter for iPad,,,
59,2022-02-03 22:39:12+00:00,John Morgan,johnmorgan726,"I enjoy HAM radio, fishing, and maritime traffic watching. johnmorgan726@instagram.com","Virginia Beach, VA",A United States Air Force C-40 üá∫üá∏. https://t.co/NAY9cqT621,en,,['https://pbs.twimg.com/media/FKtMNXqXEAAu_8T.jpg'],Twitter for iPad,,"Place(_api=<tweepy.api.API object at 0x000002435AF63E50>, id='84229b03659050aa', url='https://api.twitter.com/1.1/geo/id/84229b03659050aa.json', place_type='city', name='Virginia Beach', full_name='Virginia Beach, VA', country_code='US', country='United States', contained_within=[], bounding_box=BoundingBox(_api=<tweepy.api.API object at 0x000002435AF63E50>, type='Polygon', coordinates=[[[-76.22808, 36.672684], [-75.9118121, 36.672684], [-75.9118121, 36.932399], [-76.22808, 36.932399]]]), attributes={})",
60,2022-02-02 14:53:14+00:00,John Morgan,johnmorgan726,"I enjoy HAM radio, fishing, and maritime traffic watching. johnmorgan726@instagram.com","Virginia Beach, VA",RT @shipsphotos: MARFRET GUYANE üá´üá∑ atracado en las instalaciones aleda√±as de los astilleros de Cernaval. https://t.co/kEmU6Oa0cv,es,,['https://pbs.twimg.com/media/FKlaEzFXEAIkge0.jpg'],Twitter for iPad,,,
61,2022-02-01 18:04:46+00:00,John Morgan,johnmorgan726,"I enjoy HAM radio, fishing, and maritime traffic watching. johnmorgan726@instagram.com","Virginia Beach, VA",RT @Visita_Cortesia: El Royal Clipper atracado en el Muelle Adosado del puerto de Barcelona. https://t.co/1bJZ5tHvn3,es,,['https://pbs.twimg.com/media/FKh49ZIXoAYKh1z.jpg'],Twitter for iPad,,,
62,2022-01-31 21:24:18+00:00,John Morgan,johnmorgan726,"I enjoy HAM radio, fishing, and maritime traffic watching. johnmorgan726@instagram.com","Virginia Beach, VA","RT @Apez140: #Instantes
De un #Remolcador en #LaBah√≠aDeSantander...üßö‚Äç‚ôÇÔ∏èüòé
#ShipsInPics https://t.co/pMUQ9Rqjp7",es,"['Instantes', 'Remolcador', 'LaBah√≠aDeSantander', 'ShipsInPics']",['https://pbs.twimg.com/media/FKdP2hNXIAQK3dW.jpg'],Twitter for iPad,,,
63,2022-01-31 21:24:09+00:00,John Morgan,johnmorgan726,"I enjoy HAM radio, fishing, and maritime traffic watching. johnmorgan726@instagram.com","Virginia Beach, VA","RT @Apez140: #Instantes
Qu√© siguen a los anteriores...üßö‚Äç‚ôÇÔ∏èüòé
#ShipsInPics https://t.co/1LDzWGHY7B",es,"['Instantes', 'ShipsInPics']",['https://pbs.twimg.com/media/FKdQUDuXoAMKZv7.jpg'],Twitter for iPad,,,
64,2022-01-31 20:12:50+00:00,John Morgan,johnmorgan726,"I enjoy HAM radio, fishing, and maritime traffic watching. johnmorgan726@instagram.com","Virginia Beach, VA",RT @Visita_Cortesia: Primera escala del ferri Golden Bridge de @GNVtraghetti al @portdebarcelona https://t.co/8eXfKLZB9R,ca,,['https://pbs.twimg.com/media/FKdNAw-WUAAavTI.jpg'],Twitter for iPad,,,
65,2022-01-31 19:50:04+00:00,John Morgan,johnmorgan726,"I enjoy HAM radio, fishing, and maritime traffic watching. johnmorgan726@instagram.com","Virginia Beach, VA","The #BrooksMcCall , IMO:8964367 survey / research vessel. #ShipsInPics https://t.co/ZIjGR8omdq",en,"['BrooksMcCall', 'ShipsInPics']",['https://pbs.twimg.com/media/FKdIubXX0AELxcV.jpg'],Twitter for iPad,,"Place(_api=<tweepy.api.API object at 0x000002435AF63E50>, id='84229b03659050aa', url='https://api.twitter.com/1.1/geo/id/84229b03659050aa.json', place_type='city', name='Virginia Beach', full_name='Virginia Beach, VA', country_code='US', country='United States', contained_within=[], bounding_box=BoundingBox(_api=<tweepy.api.API object at 0x000002435AF63E50>, type='Polygon', coordinates=[[[-76.22808, 36.672684], [-75.9118121, 36.672684], [-75.9118121, 36.932399], [-76.22808, 36.932399]]]), attributes={})",
66,2022-01-31 17:26:14+00:00,John Morgan,johnmorgan726,"I enjoy HAM radio, fishing, and maritime traffic watching. johnmorgan726@instagram.com","Virginia Beach, VA",RT @shipsphotos: Buque de carga de LNG BW BRUSSELS üá∏üá¨ fondeado en fondeadero Delta del @PuertoAlgeciras https://t.co/2XwjdHQZq4,es,,['https://pbs.twimg.com/media/FKclcbZXMAAnu-6.jpg'],Twitter for iPad,,,
67,2022-01-31 16:00:12+00:00,John Morgan,johnmorgan726,"I enjoy HAM radio, fishing, and maritime traffic watching. johnmorgan726@instagram.com","Virginia Beach, VA",@vaoffshorewind https://t.co/bZ1UeJo1Lx,und,,['https://pbs.twimg.com/media/FKcUHW8XMAAeliC.jpg'],Twitter for iPad,,"Place(_api=<tweepy.api.API object at 0x000002435AF63E50>, id='84229b03659050aa', url='https://api.twitter.com/1.1/geo/id/84229b03659050aa.json', place_type='city', name='Virginia Beach', full_name='Virginia Beach, VA', country_code='US', country='United States', contained_within=[], bounding_box=BoundingBox(_api=<tweepy.api.API object at 0x000002435AF63E50>, type='Polygon', coordinates=[[[-76.22808, 36.672684], [-75.9118121, 36.672684], [-75.9118121, 36.932399], [-76.22808, 36.932399]]]), attributes={})",
68,2022-01-30 18:59:33+00:00,John Morgan,johnmorgan726,"I enjoy HAM radio, fishing, and maritime traffic watching. johnmorgan726@instagram.com","Virginia Beach, VA","RT @Apez140: #Instantes
Sin Palabras de #LaBah√≠aDeSantander...üßö‚Äç‚ôÇÔ∏èüòé
#ShipsInPics https://t.co/skqE04K9hN",es,"['Instantes', 'LaBah√≠aDeSantander', 'ShipsInPics']",['https://pbs.twimg.com/media/FKXdsPtX0AMx-W1.jpg'],Twitter for iPad,,,
69,2022-01-30 16:35:23+00:00,John Morgan,johnmorgan726,"I enjoy HAM radio, fishing, and maritime traffic watching. johnmorgan726@instagram.com","Virginia Beach, VA","RT @PNWstevedore: Terminal 18
Johannes Maersk tied up this morning. GSL Violetta 3 cranes. Red sky this morning!. https://t.co/FbtkW02Jzm",en,,['https://pbs.twimg.com/media/FKSQOtbVgAAehLY.jpg'],Twitter for iPad,,,
70,2022-01-29 14:45:06+00:00,John Morgan,johnmorgan726,"I enjoy HAM radio, fishing, and maritime traffic watching. johnmorgan726@instagram.com","Virginia Beach, VA",RT @PrezRitsu: Think y'all might like this. @AirAssets https://t.co/Isj27A4jci,en,,['https://pbs.twimg.com/media/FKQmrWgXoAE-2WT.jpg'],Twitter for iPad,,,
71,2022-01-29 14:43:35+00:00,John Morgan,johnmorgan726,"I enjoy HAM radio, fishing, and maritime traffic watching. johnmorgan726@instagram.com","Virginia Beach, VA",RT @battleship64: Snowy day on WisKy today! Stay safe and warm today! https://t.co/1y2IXIt0rO,en,,['https://pbs.twimg.com/media/FKRuTUrWUAQO1sd.jpg'],Twitter for iPad,,,
72,2022-01-28 18:55:00+00:00,John Morgan,johnmorgan726,"I enjoy HAM radio, fishing, and maritime traffic watching. johnmorgan726@instagram.com","Virginia Beach, VA",RT @JackieGMs66: In the morning mist #ship #mist #Plymouth #blackandwhitephotography #sea #morning https://t.co/v7BGwEXxyE,en,"['ship', 'mist', 'Plymouth', 'blackandwhitephotography', 'sea', 'morning']",['https://pbs.twimg.com/media/FKLGFjbX0AIJ9n0.jpg'],Twitter for iPad,,,
73,2022-01-28 18:09:42+00:00,John Morgan,johnmorgan726,"I enjoy HAM radio, fishing, and maritime traffic watching. johnmorgan726@instagram.com","Virginia Beach, VA",@WarshipCam A view of her as she enters the South East Sea Lane approaching Cape Henry. https://t.co/0yvq2up5Yl,en,,['https://pbs.twimg.com/media/FKNU-w8WQAoH3gn.jpg'],Twitter for iPad,,"Place(_api=<tweepy.api.API object at 0x000002435AF63E50>, id='84229b03659050aa', url='https://api.twitter.com/1.1/geo/id/84229b03659050aa.json', place_type='city', name='Virginia Beach', full_name='Virginia Beach, VA', country_code='US', country='United States', contained_within=[], bounding_box=BoundingBox(_api=<tweepy.api.API object at 0x000002435AF63E50>, type='Polygon', coordinates=[[[-76.22808, 36.672684], [-75.9118121, 36.672684], [-75.9118121, 36.932399], [-76.22808, 36.932399]]]), attributes={})",
74,2022-01-27 14:19:57+00:00,John Morgan,johnmorgan726,"I enjoy HAM radio, fishing, and maritime traffic watching. johnmorgan726@instagram.com","Virginia Beach, VA",RT @Visita_Cortesia: Primera escala esta ma√±ana del buque Gubal Trader fletado por @trasmedferry al @portdebarcelona https://t.co/xfLmNA99bc,es,,['https://pbs.twimg.com/media/FKGSM9UXoAA7UT2.jpg'],Twitter for iPad,,,
75,2022-01-26 22:13:31+00:00,John Morgan,johnmorgan726,"I enjoy HAM radio, fishing, and maritime traffic watching. johnmorgan726@instagram.com","Virginia Beach, VA",The #HopperDredger #Stuyvesant IMO:7925838 üá∫üá∏. #ShipsInPics https://t.co/BALcwSRMPx,en,"['HopperDredger', 'Stuyvesant', 'ShipsInPics']",['https://pbs.twimg.com/media/FKD5mq8WQAEGWUP.jpg'],Twitter for iPad,,"Place(_api=<tweepy.api.API object at 0x000002435AF63E50>, id='84229b03659050aa', url='https://api.twitter.com/1.1/geo/id/84229b03659050aa.json', place_type='city', name='Virginia Beach', full_name='Virginia Beach, VA', country_code='US', country='United States', contained_within=[], bounding_box=BoundingBox(_api=<tweepy.api.API object at 0x000002435AF63E50>, type='Polygon', coordinates=[[[-76.22808, 36.672684], [-75.9118121, 36.672684], [-75.9118121, 36.932399], [-76.22808, 36.932399]]]), attributes={})",
76,2022-01-26 17:56:21+00:00,John Morgan,johnmorgan726,"I enjoy HAM radio, fishing, and maritime traffic watching. johnmorgan726@instagram.com","Virginia Beach, VA",RT @Visita_Cortesia: Llegada de la fragata Numancia de la @Armada_esp el pasado mes de octubre de 2021. https://t.co/v2JfFHgrNb,es,,['https://pbs.twimg.com/media/FKC-JaYXIBAP6an.jpg'],Twitter for iPad,,,
77,2022-01-25 19:59:08+00:00,John Morgan,johnmorgan726,"I enjoy HAM radio, fishing, and maritime traffic watching. johnmorgan726@instagram.com","Virginia Beach, VA","RT @Apez140: #Instantes
De una D√°rsena Pesquera de #LaBah√≠aDeSantander.
Mirad que Sucias sus Aguas.üò≥.
En fin...üßö‚Äç‚ôÇÔ∏èüòé https://t.co/PjjholnC7N",es,"['Instantes', 'LaBah√≠aDeSantander']",['https://pbs.twimg.com/media/FJ-QsWLXwAY1Zod.jpg'],Twitter for iPad,,,
78,2022-01-25 17:31:51+00:00,John Morgan,johnmorgan726,"I enjoy HAM radio, fishing, and maritime traffic watching. johnmorgan726@instagram.com","Virginia Beach, VA",RT @Visita_Cortesia: Una de las √∫ltimas escalas del Ciudad de Mah√≥n antes de ser entregado a @Irish_Ferries https://t.co/YjNACbBbEk,es,,['https://pbs.twimg.com/media/FJ9srNTXEAMEk74.jpg'],Twitter for iPad,,,
79,2022-01-25 16:23:07+00:00,John Morgan,johnmorgan726,"I enjoy HAM radio, fishing, and maritime traffic watching. johnmorgan726@instagram.com","Virginia Beach, VA",RT @AirAssets: Unbelievable the naval activity lately and more leaving https://t.co/GyCFFKKMuR,en,,['https://pbs.twimg.com/media/FJ9YBXfXwAAvHjj.jpg'],Twitter for iPad,,,
80,2022-01-24 17:30:48+00:00,John Morgan,johnmorgan726,"I enjoy HAM radio, fishing, and maritime traffic watching. johnmorgan726@instagram.com","Virginia Beach, VA",RT @Visita_Cortesia: Algunos detalles del GNV Allegra muy poco visto por estas aguas. https://t.co/GL0xFkXGnA,es,,['https://pbs.twimg.com/media/FJ4kdbWWYAY0KLP.jpg'],Twitter for iPad,,,
81,2022-01-24 15:09:15+00:00,John Morgan,johnmorgan726,"I enjoy HAM radio, fishing, and maritime traffic watching. johnmorgan726@instagram.com","Virginia Beach, VA","RT @pukarixx: 2022.1.24
OCEANIC BREEZE 

ÂÖ•Ê∏Ø„Åß„Åô https://t.co/kPzIvsQmtg",ja,,['https://pbs.twimg.com/media/FJ06LC0acAABAoa.jpg'],Twitter for iPad,,,
82,2022-01-24 15:06:51+00:00,John Morgan,johnmorgan726,"I enjoy HAM radio, fishing, and maritime traffic watching. johnmorgan726@instagram.com","Virginia Beach, VA",RT @HumanForScale_: https://t.co/V3BQZs2cZp,und,,['https://pbs.twimg.com/media/FJyw7nEacAEObyL.jpg'],Twitter for iPad,,,
83,2022-01-23 07:54:41+00:00,John Morgan,johnmorgan726,"I enjoy HAM radio, fishing, and maritime traffic watching. johnmorgan726@instagram.com","Virginia Beach, VA",RT @Turkish_straits: #sergeybalk #russiannavy #russianship #tug https://t.co/aw9ZpRwjrf,und,"['sergeybalk', 'russiannavy', 'russianship', 'tug']",['https://pbs.twimg.com/media/FJxRzqIWQAIOZfj.jpg'],Twitter for iPad,,,
84,2022-01-21 14:33:25+00:00,John Morgan,johnmorgan726,"I enjoy HAM radio, fishing, and maritime traffic watching. johnmorgan726@instagram.com","Virginia Beach, VA",RT @Turkish_straits: @YorukIsik @johnmorgan726 @key2med @BRAHMSNNETC1 @KaptainLOMA @oeroguz https://t.co/EL9CjWE2pk,und,,['https://pbs.twimg.com/media/FJoMgW2XwAIiZT7.jpg'],Twitter for iPad,,,
85,2022-01-20 22:00:11+00:00,John Morgan,johnmorgan726,"I enjoy HAM radio, fishing, and maritime traffic watching. johnmorgan726@instagram.com","Virginia Beach, VA",The #HopperDredger #Stuyvesant IMO:7915838 https://t.co/QD8C6gB0RY,en,"['HopperDredger', 'Stuyvesant']",['https://pbs.twimg.com/media/FJk9BSmXoAMD6y7.jpg'],Twitter for iPad,,"Place(_api=<tweepy.api.API object at 0x000002435AF63E50>, id='84229b03659050aa', url='https://api.twitter.com/1.1/geo/id/84229b03659050aa.json', place_type='city', name='Virginia Beach', full_name='Virginia Beach, VA', country_code='US', country='United States', contained_within=[], bounding_box=BoundingBox(_api=<tweepy.api.API object at 0x000002435AF63E50>, type='Polygon', coordinates=[[[-76.22808, 36.672684], [-75.9118121, 36.672684], [-75.9118121, 36.932399], [-76.22808, 36.932399]]]), attributes={})",
86,2022-01-20 17:44:08+00:00,John Morgan,johnmorgan726,"I enjoy HAM radio, fishing, and maritime traffic watching. johnmorgan726@instagram.com","Virginia Beach, VA",RT @Visita_Cortesia: Salida del remolcador Montalt del puerto de Barcelona. https://t.co/WfpyCb5mMJ,es,,['https://pbs.twimg.com/media/FJkCF0YXEAEFpc-.jpg'],Twitter for iPad,,,
87,2022-01-20 15:36:52+00:00,John Morgan,johnmorgan726,"I enjoy HAM radio, fishing, and maritime traffic watching. johnmorgan726@instagram.com","Virginia Beach, VA",The USS BATAAN (LHD-5) üá∫üá∏ Wasp-class amphibious assault ship. #USNavy #USSBataan #LHD5 #ShipsInPics https://t.co/lcyJlPTctK,en,"['USNavy', 'USSBataan', 'LHD5', 'ShipsInPics']",['https://pbs.twimg.com/media/FJjlR6eUYAkh_ah.jpg'],Twitter for iPad,,"Place(_api=<tweepy.api.API object at 0x000002435AF63E50>, id='84229b03659050aa', url='https://api.twitter.com/1.1/geo/id/84229b03659050aa.json', place_type='city', name='Virginia Beach', full_name='Virginia Beach, VA', country_code='US', country='United States', contained_within=[], bounding_box=BoundingBox(_api=<tweepy.api.API object at 0x000002435AF63E50>, type='Polygon', coordinates=[[[-76.22808, 36.672684], [-75.9118121, 36.672684], [-75.9118121, 36.932399], [-76.22808, 36.932399]]]), attributes={})",
88,2022-01-19 23:10:14+00:00,John Morgan,johnmorgan726,"I enjoy HAM radio, fishing, and maritime traffic watching. johnmorgan726@instagram.com","Virginia Beach, VA",RT @Visita_Cortesia: Cruce entre el remolcador Willy T y el portacontenedores Dina Trader. https://t.co/I9vI64CgA3,es,,['https://pbs.twimg.com/media/FJfcbdEWYAkbnZr.jpg'],Twitter for iPad,,,
89,2022-01-19 22:15:48+00:00,John Morgan,johnmorgan726,"I enjoy HAM radio, fishing, and maritime traffic watching. johnmorgan726@instagram.com","Virginia Beach, VA",A #UnitedStatesAirForce #C17 #GlobeMaster :) https://t.co/y9pj8HbX2E,und,"['UnitedStatesAirForce', 'C17', 'GlobeMaster']",['https://pbs.twimg.com/media/FJf3AQDWYAgTC7l.jpg'],Twitter for iPad,,"Place(_api=<tweepy.api.API object at 0x000002435AF63E50>, id='84229b03659050aa', url='https://api.twitter.com/1.1/geo/id/84229b03659050aa.json', place_type='city', name='Virginia Beach', full_name='Virginia Beach, VA', country_code='US', country='United States', contained_within=[], bounding_box=BoundingBox(_api=<tweepy.api.API object at 0x000002435AF63E50>, type='Polygon', coordinates=[[[-76.22808, 36.672684], [-75.9118121, 36.672684], [-75.9118121, 36.932399], [-76.22808, 36.932399]]]), attributes={})",
90,2022-01-19 19:10:23+00:00,John Morgan,johnmorgan726,"I enjoy HAM radio, fishing, and maritime traffic watching. johnmorgan726@instagram.com","Virginia Beach, VA","The TSV-3 HUNTER, IMO:8131362 Training Support Vessel. #USNavy üá∫üá∏ #TSV3 #Hunter #ShipsInPics https://t.co/NXNmuzddBm",en,"['USNavy', 'TSV3', 'Hunter', 'ShipsInPics']",['https://pbs.twimg.com/media/FJfMkMiXwAkn_VB.jpg'],Twitter for iPad,,"Place(_api=<tweepy.api.API object at 0x000002435AF63E50>, id='84229b03659050aa', url='https://api.twitter.com/1.1/geo/id/84229b03659050aa.json', place_type='city', name='Virginia Beach', full_name='Virginia Beach, VA', country_code='US', country='United States', contained_within=[], bounding_box=BoundingBox(_api=<tweepy.api.API object at 0x000002435AF63E50>, type='Polygon', coordinates=[[[-76.22808, 36.672684], [-75.9118121, 36.672684], [-75.9118121, 36.932399], [-76.22808, 36.932399]]]), attributes={})",
91,2022-01-19 17:59:45+00:00,John Morgan,johnmorgan726,"I enjoy HAM radio, fishing, and maritime traffic watching. johnmorgan726@instagram.com","Virginia Beach, VA",Leader of her class the USS SAN ANTONIO (LPD-17) üá∫üá∏ #USNavy #USSSanAntonio #LPD17 #ShipsInPics https://t.co/1Nf96wpkeW,en,"['USNavy', 'USSSanAntonio', 'LPD17', 'ShipsInPics']",['https://pbs.twimg.com/media/FJe8ZkGXoAISUsU.jpg'],Twitter for iPad,,"Place(_api=<tweepy.api.API object at 0x000002435AF63E50>, id='84229b03659050aa', url='https://api.twitter.com/1.1/geo/id/84229b03659050aa.json', place_type='city', name='Virginia Beach', full_name='Virginia Beach, VA', country_code='US', country='United States', contained_within=[], bounding_box=BoundingBox(_api=<tweepy.api.API object at 0x000002435AF63E50>, type='Polygon', coordinates=[[[-76.22808, 36.672684], [-75.9118121, 36.672684], [-75.9118121, 36.932399], [-76.22808, 36.932399]]]), attributes={})",
92,2022-01-19 17:42:28+00:00,John Morgan,johnmorgan726,"I enjoy HAM radio, fishing, and maritime traffic watching. johnmorgan726@instagram.com","Virginia Beach, VA",A further away view reveling her bridge wings. https://t.co/AASA0lw1JE,en,,['https://pbs.twimg.com/media/FJe4cXWXoAAgPjc.jpg'],Twitter for iPad,,"Place(_api=<tweepy.api.API object at 0x000002435AF63E50>, id='84229b03659050aa', url='https://api.twitter.com/1.1/geo/id/84229b03659050aa.json', place_type='city', name='Virginia Beach', full_name='Virginia Beach, VA', country_code='US', country='United States', contained_within=[], bounding_box=BoundingBox(_api=<tweepy.api.API object at 0x000002435AF63E50>, type='Polygon', coordinates=[[[-76.22808, 36.672684], [-75.9118121, 36.672684], [-75.9118121, 36.932399], [-76.22808, 36.932399]]]), attributes={})",
93,2022-01-19 15:31:01+00:00,John Morgan,johnmorgan726,"I enjoy HAM radio, fishing, and maritime traffic watching. johnmorgan726@instagram.com","Virginia Beach, VA",The TSV-1 PREVAL (IX-537) üá∫üá∏ IMO:8835566 United States Navy training support vessel. #ShipsInPics https://t.co/uoZR5MUs1W,en,['ShipsInPics'],['https://pbs.twimg.com/media/FJeaWuoXsAUI0nf.jpg'],Twitter for iPad,,"Place(_api=<tweepy.api.API object at 0x000002435AF63E50>, id='84229b03659050aa', url='https://api.twitter.com/1.1/geo/id/84229b03659050aa.json', place_type='city', name='Virginia Beach', full_name='Virginia Beach, VA', country_code='US', country='United States', contained_within=[], bounding_box=BoundingBox(_api=<tweepy.api.API object at 0x000002435AF63E50>, type='Polygon', coordinates=[[[-76.22808, 36.672684], [-75.9118121, 36.672684], [-75.9118121, 36.932399], [-76.22808, 36.932399]]]), attributes={})",
94,2022-01-18 21:45:55+00:00,John Morgan,johnmorgan726,"I enjoy HAM radio, fishing, and maritime traffic watching. johnmorgan726@instagram.com","Virginia Beach, VA",The #HopperDredger #Stuyvesant IMO:7915838 heading out to the #dumpsight . https://t.co/Pa4PyWzq3V,en,"['HopperDredger', 'Stuyvesant', 'dumpsight']",['https://pbs.twimg.com/media/FJamkhWXIAILT-S.jpg'],Twitter for iPad,,"Place(_api=<tweepy.api.API object at 0x000002435AF63E50>, id='84229b03659050aa', url='https://api.twitter.com/1.1/geo/id/84229b03659050aa.json', place_type='city', name='Virginia Beach', full_name='Virginia Beach, VA', country_code='US', country='United States', contained_within=[], bounding_box=BoundingBox(_api=<tweepy.api.API object at 0x000002435AF63E50>, type='Polygon', coordinates=[[[-76.22808, 36.672684], [-75.9118121, 36.672684], [-75.9118121, 36.932399], [-76.22808, 36.932399]]]), attributes={})",
95,2022-01-18 19:31:45+00:00,John Morgan,johnmorgan726,"I enjoy HAM radio, fishing, and maritime traffic watching. johnmorgan726@instagram.com","Virginia Beach, VA",The #UnitedStatesCoastGuard USCGC TAMPA (WMEC-902) üá∫üá∏ medium endurance cutter. #ShipsInPics https://t.co/ds3OUQmJYD,en,"['UnitedStatesCoastGuard', 'ShipsInPics']",['https://pbs.twimg.com/media/FJaH3PWXsBAPGUv.jpg'],Twitter for iPad,,"Place(_api=<tweepy.api.API object at 0x000002435AF63E50>, id='84229b03659050aa', url='https://api.twitter.com/1.1/geo/id/84229b03659050aa.json', place_type='city', name='Virginia Beach', full_name='Virginia Beach, VA', country_code='US', country='United States', contained_within=[], bounding_box=BoundingBox(_api=<tweepy.api.API object at 0x000002435AF63E50>, type='Polygon', coordinates=[[[-76.22808, 36.672684], [-75.9118121, 36.672684], [-75.9118121, 36.932399], [-76.22808, 36.932399]]]), attributes={})",
96,2022-01-18 19:24:04+00:00,John Morgan,johnmorgan726,"I enjoy HAM radio, fishing, and maritime traffic watching. johnmorgan726@instagram.com","Virginia Beach, VA",The USS ARLINGTON (LPD-24) üá∫üá∏ San Antonio-class amphibious transport dock. #USNavy #USSArlington #LPD24 #ShipsInPics https://t.co/KraL10m7fO,en,"['USNavy', 'USSArlington', 'LPD24', 'ShipsInPics']",['https://pbs.twimg.com/media/FJaGGzYXwAIXjvz.jpg'],Twitter for iPad,,"Place(_api=<tweepy.api.API object at 0x000002435AF63E50>, id='84229b03659050aa', url='https://api.twitter.com/1.1/geo/id/84229b03659050aa.json', place_type='city', name='Virginia Beach', full_name='Virginia Beach, VA', country_code='US', country='United States', contained_within=[], bounding_box=BoundingBox(_api=<tweepy.api.API object at 0x000002435AF63E50>, type='Polygon', coordinates=[[[-76.22808, 36.672684], [-75.9118121, 36.672684], [-75.9118121, 36.932399], [-76.22808, 36.932399]]]), attributes={})",
97,2022-01-17 22:20:30+00:00,John Morgan,johnmorgan726,"I enjoy HAM radio, fishing, and maritime traffic watching. johnmorgan726@instagram.com","Virginia Beach, VA",The #HopperDredger #Stuyvesant IMO:7925838 heading out to the #dumpsight . https://t.co/Ez1GO9ubwL,en,"['HopperDredger', 'Stuyvesant', 'dumpsight']",['https://pbs.twimg.com/media/FJVk5PtXEAQwC45.jpg'],Twitter for iPad,,"Place(_api=<tweepy.api.API object at 0x000002435AF63E50>, id='84229b03659050aa', url='https://api.twitter.com/1.1/geo/id/84229b03659050aa.json', place_type='city', name='Virginia Beach', full_name='Virginia Beach, VA', country_code='US', country='United States', contained_within=[], bounding_box=BoundingBox(_api=<tweepy.api.API object at 0x000002435AF63E50>, type='Polygon', coordinates=[[[-76.22808, 36.672684], [-75.9118121, 36.672684], [-75.9118121, 36.932399], [-76.22808, 36.932399]]]), attributes={})",
98,2022-01-17 17:47:22+00:00,John Morgan,johnmorgan726,"I enjoy HAM radio, fishing, and maritime traffic watching. johnmorgan726@instagram.com","Virginia Beach, VA",A #UnitedStatesAirForce #C17 #GlobeMaster https://t.co/To7xOBJR6a,und,"['UnitedStatesAirForce', 'C17', 'GlobeMaster']",['https://pbs.twimg.com/media/FJUmYh7XEAgqq8_.jpg'],Twitter for iPad,,"Place(_api=<tweepy.api.API object at 0x000002435AF63E50>, id='84229b03659050aa', url='https://api.twitter.com/1.1/geo/id/84229b03659050aa.json', place_type='city', name='Virginia Beach', full_name='Virginia Beach, VA', country_code='US', country='United States', contained_within=[], bounding_box=BoundingBox(_api=<tweepy.api.API object at 0x000002435AF63E50>, type='Polygon', coordinates=[[[-76.22808, 36.672684], [-75.9118121, 36.672684], [-75.9118121, 36.932399], [-76.22808, 36.932399]]]), attributes={})",
99,2022-01-16 22:11:36+00:00,John Morgan,johnmorgan726,"I enjoy HAM radio, fishing, and maritime traffic watching. johnmorgan726@instagram.com","Virginia Beach, VA",RT @Fotogmike: @muhammadljunaid https://t.co/RqNpu4AkNh,und,,['https://pbs.twimg.com/media/FJQH0_nXEAUMDmk.jpg'],Twitter for iPad,,,
100,2022-01-16 20:34:26+00:00,John Morgan,johnmorgan726,"I enjoy HAM radio, fishing, and maritime traffic watching. johnmorgan726@instagram.com","Virginia Beach, VA","No matter how bad the weather the #HopperDredger #Stuyvesant IMO:7915838 üá∫üá∏ keeps on digging, day and night. https://t.co/a3WhXThXsg",en,"['HopperDredger', 'Stuyvesant']",['https://pbs.twimg.com/media/FJQDCE-XEAE5Z5X.jpg'],Twitter for iPad,,"Place(_api=<tweepy.api.API object at 0x000002435AF63E50>, id='84229b03659050aa', url='https://api.twitter.com/1.1/geo/id/84229b03659050aa.json', place_type='city', name='Virginia Beach', full_name='Virginia Beach, VA', country_code='US', country='United States', contained_within=[], bounding_box=BoundingBox(_api=<tweepy.api.API object at 0x000002435AF63E50>, type='Polygon', coordinates=[[[-76.22808, 36.672684], [-75.9118121, 36.672684], [-75.9118121, 36.932399], [-76.22808, 36.932399]]]), attributes={})",
101,2022-01-16 14:38:28+00:00,John Morgan,johnmorgan726,"I enjoy HAM radio, fishing, and maritime traffic watching. johnmorgan726@instagram.com","Virginia Beach, VA","RT @DockYardWall: ""She's hull up on the horizon.....sir"" https://t.co/qIhET0FpQJ",en,,['https://pbs.twimg.com/media/FJKJKwWWUAcKuwj.jpg'],Twitter for iPad,,,
102,2022-01-16 13:42:00+00:00,John Morgan,johnmorgan726,"I enjoy HAM radio, fishing, and maritime traffic watching. johnmorgan726@instagram.com","Virginia Beach, VA","RT @GeoffreyWatson2: Celsius Carolina at the Isle of Grain LNG terminal today having arrived from Sabine Pass, USA. https://t.co/SPWp3Oy6B7",en,,['https://pbs.twimg.com/media/FJOacAiXoAQ1qFf.jpg'],Twitter for iPad,,,
103,2022-01-16 13:41:54+00:00,John Morgan,johnmorgan726,"I enjoy HAM radio, fishing, and maritime traffic watching. johnmorgan726@instagram.com","Virginia Beach, VA",RT @E_leal_photo: Amanece en el #EstrechodeGibraltar #buenosdias #nikonphotography #Hacerfotos #Thewalker #Clouds https://t.co/0GbSVCeiLV,es,"['EstrechodeGibraltar', 'buenosdias', 'nikonphotography', 'Hacerfotos', 'Thewalker', 'Clouds']",['https://pbs.twimg.com/media/FJNt76dXEAEX1Hf.jpg'],Twitter for iPad,,,
104,2022-01-15 17:59:18+00:00,John Morgan,johnmorgan726,"I enjoy HAM radio, fishing, and maritime traffic watching. johnmorgan726@instagram.com","Virginia Beach, VA","RT @Visita_Cortesia: Una tirada de pesqueros: el Cabrera Dos, Encarna y Miguel, Antonio y Sari y Nuevo Labio. https://t.co/2ggWw4Rdro",es,,['https://pbs.twimg.com/media/FJKVnbqXMAgf_zE.jpg'],Twitter for iPad,,,
105,2022-01-14 17:48:53+00:00,John Morgan,johnmorgan726,"I enjoy HAM radio, fishing, and maritime traffic watching. johnmorgan726@instagram.com","Virginia Beach, VA",The #HopperDredger #Stuyvesant IMO:7915838 heading out to the #dumpsight . https://t.co/bGeLuWpVNw,en,"['HopperDredger', 'Stuyvesant', 'dumpsight']",['https://pbs.twimg.com/media/FJFJ9vMWQAELuzw.jpg'],Twitter for iPad,,"Place(_api=<tweepy.api.API object at 0x000002435AF63E50>, id='84229b03659050aa', url='https://api.twitter.com/1.1/geo/id/84229b03659050aa.json', place_type='city', name='Virginia Beach', full_name='Virginia Beach, VA', country_code='US', country='United States', contained_within=[], bounding_box=BoundingBox(_api=<tweepy.api.API object at 0x000002435AF63E50>, type='Polygon', coordinates=[[[-76.22808, 36.672684], [-75.9118121, 36.672684], [-75.9118121, 36.932399], [-76.22808, 36.932399]]]), attributes={})",
106,2022-01-14 17:22:30+00:00,John Morgan,johnmorgan726,"I enjoy HAM radio, fishing, and maritime traffic watching. johnmorgan726@instagram.com","Virginia Beach, VA",RT @Visita_Cortesia: El ferry Cruise Smeralda de @GrimaldiLines captado desde la monta√±a de Montju√Øc. https://t.co/O1kZjFkqtc,ca,,['https://pbs.twimg.com/media/FJFDfBgXEAA0Q_e.jpg'],Twitter for iPad,,,
